INSERT INTO member(id, email, password, prev_password, password_modified_at, signup_method, nickname, mobile_number, status, last_logged_at, modified_at, modified_by, created_at, created_by, service_agreement, privacy_agreement)
VALUES (1, 'email1@email.com', '{bcrypt}$2a$10$uLXiBxKq2iUbdRJB8mrWr.nSyrBoS5MzgpSMUuyFTL/S0ob21BXt2', '{bcrypt}$2a$10$uLXiBxKq2iUbdRJB8mrWr.nSyrBoS5MzgpSMUuyFTL/S0ob21BXt2', NOW(), 'EMAIL', '서정도1', '01012341201', 'NORMAL', NOW(), NOW(), 1, NOW(), 1, 'Y', 'Y');

INSERT INTO member(id, email, password, prev_password, password_modified_at, signup_method, nickname, mobile_number, status, last_logged_at, modified_at, modified_by, created_at, created_by, service_agreement, privacy_agreement)
VALUES (2, 'email2@email.com', '{bcrypt}$2a$10$uLXiBxKq2iUbdRJB8mrWr.nSyrBoS5MzgpSMUuyFTL/S0ob21BXt2', '{bcrypt}$2a$10$uLXiBxKq2iUbdRJB8mrWr.nSyrBoS5MzgpSMUuyFTL/S0ob21BXt2', NOW(), 'EMAIL', '서정도2', '01012341202', 'NORMAL', NOW(), NOW(), 1, NOW(), 1, 'Y', 'Y');

INSERT INTO member(id, email, password, prev_password, password_modified_at, signup_method, nickname, mobile_number, status, last_logged_at, modified_at, modified_by, created_at, created_by, service_agreement, privacy_agreement)
VALUES (3, 'email3@email.com', '{bcrypt}$2a$10$uLXiBxKq2iUbdRJB8mrWr.nSyrBoS5MzgpSMUuyFTL/S0ob21BXt2', '{bcrypt}$2a$10$uLXiBxKq2iUbdRJB8mrWr.nSyrBoS5MzgpSMUuyFTL/S0ob21BXt2', NOW(), 'EMAIL', '서정도3', '01012341203', 'NORMAL', NOW(), NOW(), 1, NOW(), 1, 'Y', 'Y');

INSERT INTO member(id, email, password, prev_password, password_modified_at, signup_method, nickname, mobile_number, status, last_logged_at, modified_at, modified_by, created_at, created_by, service_agreement, privacy_agreement)
VALUES (4, 'email4@email.com', '{bcrypt}$2a$10$uLXiBxKq2iUbdRJB8mrWr.nSyrBoS5MzgpSMUuyFTL/S0ob21BXt2', '{bcrypt}$2a$10$uLXiBxKq2iUbdRJB8mrWr.nSyrBoS5MzgpSMUuyFTL/S0ob21BXt2', NOW(), 'EMAIL', '서정도4', '01012341204', 'NORMAL', NOW(), NOW(), 1, NOW(), 1, 'Y', 'Y');

INSERT INTO member(id, email, password, prev_password, password_modified_at, signup_method, nickname, mobile_number, status, last_logged_at, modified_at, modified_by, created_at, created_by, service_agreement, privacy_agreement)
VALUES (5, 'email5@email.com', '{bcrypt}$2a$10$uLXiBxKq2iUbdRJB8mrWr.nSyrBoS5MzgpSMUuyFTL/S0ob21BXt2', '{bcrypt}$2a$10$uLXiBxKq2iUbdRJB8mrWr.nSyrBoS5MzgpSMUuyFTL/S0ob21BXt2', NOW(), 'NAVER', '서정도5', '01012341205', 'NORMAL', NOW(), NOW(), 1, NOW(), 1, 'Y', 'Y');

INSERT INTO member(id, email, password, prev_password, password_modified_at, signup_method, nickname, mobile_number, status, last_logged_at, modified_at, modified_by, created_at, created_by, service_agreement, privacy_agreement)
VALUES (6, 'email6@email.com', '{bcrypt}$2a$10$uLXiBxKq2iUbdRJB8mrWr.nSyrBoS5MzgpSMUuyFTL/S0ob21BXt2',  '{bcrypt}$2a$10$uLXiBxKq2iUbdRJB8mrWr.nSyrBoS5MzgpSMUuyFTL/S0ob21BXt2', NOW(), 'GOOGLE', '서정도6', '01012341206', 'NORMAL', NOW(), NOW(), 1, NOW(), 1, 'Y', 'Y');

INSERT INTO member(id, email, password, prev_password, password_modified_at, signup_method, nickname, mobile_number, status, last_logged_at, modified_at, modified_by, created_at, created_by, service_agreement, privacy_agreement)
VALUES (7, 'email7@email.com', '{bcrypt}$2a$10$uLXiBxKq2iUbdRJB8mrWr.nSyrBoS5MzgpSMUuyFTL/S0ob21BXt2', '{bcrypt}$2a$10$uLXiBxKq2iUbdRJB8mrWr.nSyrBoS5MzgpSMUuyFTL/S0ob21BXt2', NOW(), 'NAVER', '서정도7', '01012341207', 'NORMAL', NOW(), NOW(), 1, NOW(), 1, 'Y', 'Y');

INSERT INTO member(id, email, password, prev_password, password_modified_at, signup_method, nickname, mobile_number, status, last_logged_at, modified_at, modified_by, created_at, created_by, service_agreement, privacy_agreement)
VALUES (8, 'email8@email.com', '{bcrypt}$2a$10$uLXiBxKq2iUbdRJB8mrWr.nSyrBoS5MzgpSMUuyFTL/S0ob21BXt2', '{bcrypt}$2a$10$uLXiBxKq2iUbdRJB8mrWr.nSyrBoS5MzgpSMUuyFTL/S0ob21BXt2', NOW(), 'KAKAO', '서정도8', '01012341208', 'NORMAL', NOW(), NOW(), 1, NOW(), 1, 'Y', 'Y');

INSERT INTO member(id, email, password, prev_password, password_modified_at, signup_method, nickname, mobile_number, status, last_logged_at, modified_at, modified_by, created_at, created_by, service_agreement, privacy_agreement)
VALUES (9, 'email9@email.com', '{bcrypt}$2a$10$uLXiBxKq2iUbdRJB8mrWr.nSyrBoS5MzgpSMUuyFTL/S0ob21BXt2', '{bcrypt}$2a$10$uLXiBxKq2iUbdRJB8mrWr.nSyrBoS5MzgpSMUuyFTL/S0ob21BXt2', NOW(), 'NAVER', '서정도9', '01012341209', 'NORMAL', NOW(), NOW(), 1, NOW(), 1, 'Y', 'Y');

INSERT INTO member(id, email, password, prev_password, password_modified_at, signup_method, nickname, mobile_number, status, last_logged_at, modified_at, modified_by, created_at, created_by, service_agreement, privacy_agreement)
VALUES (10, 'wjm358@naver.com', '{bcrypt}$2a$10$uLXiBxKq2iUbdRJB8mrWr.nSyrBoS5MzgpSMUuyFTL/S0ob21BXt2', '{bcrypt}$2a$10$uLXiBxKq2iUbdRJB8mrWr.nSyrBoS5MzgpSMUuyFTL/S0ob21BXt2', NOW(), 'KAKAO', '원종민', '01012341210', 'NORMAL', NOW(), NOW(), 1, NOW(), 1, 'Y', 'Y');

INSERT INTO dormant_member(id, member_id, email, password, prev_password, password_modified_at, signup_method, nickname, mobile_number, status, last_logged_at, modified_at, modified_by, created_at, created_by, service_agreement, privacy_agreement)
VALUES (1, 10, 'wjm358@naver.com', '{bcrypt}$2a$10$uLXiBxKq2iUbdRJB8mrWr.nSyrBoS5MzgpSMUuyFTL/S0ob21BXt2', '{bcrypt}$2a$10$uLXiBxKq2iUbdRJB8mrWr.nSyrBoS5MzgpSMUuyFTL/S0ob21BXt2', NOW(), 'EMAIL', '원종민', '01051778536', 'DORMANCY', NOW(), NOW(), 1, NOW(), 1, 'Y', 'Y');

INSERT INTO blocked_member(id, member_id, blocked_member_id, modified_at, modified_by, created_at, created_by)
VALUES(1, 1, 10, NOW(), 1, NOW(), 1 );

INSERT INTO blocked_member(id, member_id, blocked_member_id, modified_at, modified_by, created_at, created_by)
VALUES(2, 10, 1, NOW(), 1, NOW(), 1 );

INSERT INTO role(id, name, upper_id, is_enabled, description, modified_at, modified_by, created_at, created_by)
VALUES (1, 'ROLE_ADMIN', NULL, 'Y', '관리자 역할', NOW(), 1, NOW(), 1);

INSERT INTO member_role(id, member_id,role_id, modified_at, modified_by, created_at, created_by)
VALUES(1, 10, 1, NOW(),1,NOW(),1);

INSERT INTO resource(id, name, is_enabled, type, depth, ord, upper_id, category, modified_at, modified_by, created_at, created_by)
VALUES (1, '시스템관리', 'Y', 'DIRECTORY', 1, 2, 0, 'ADMIN', NOW(), 1, NOW(), 1);

INSERT INTO resource(id, name, url, http_method, is_enabled, type, depth, ord, upper_id, category, modified_at, modified_by, created_at, created_by)
VALUES (23, '인덱스', '/admin', 'GET', 'Y', 'FUNCTION', 1 , 1, 0, 'ADMIN', NOW(), 1, NOW(), 1);

INSERT INTO resource(id, name, url, http_method, is_enabled, type, depth, ord, upper_id, category, modified_at, modified_by, created_at, created_by)
VALUES (2, '자원관리', '/admin/resources/view', 'GET', 'Y', 'MENU', 2 , 1, 1, 'ADMIN', NOW(), 1, NOW(), 1);

INSERT INTO resource(id, name, url, http_method, is_enabled, type, depth, ord, upper_id, category, modified_at, modified_by, created_at, created_by)
VALUES (3, '자원 목록조회', '/admin/resources', 'GET', 'Y', 'FUNCTION', 3 , 1, 2, 'ADMIN', NOW(), 1, NOW(), 1);

INSERT INTO resource(id, name, url, http_method, is_enabled, type, depth, ord, upper_id, category, modified_at, modified_by, created_at, created_by)
VALUES (4, '자원 등록', '/admin/resources', 'POST', 'Y', 'FUNCTION', 3 , 2, 2, 'ADMIN', NOW(), 1, NOW(), 1);

INSERT INTO resource(id, name, url, http_method, is_enabled, type, depth, ord, upper_id, category, modified_at, modified_by, created_at, created_by)
VALUES (5, '자원 수정', '/admin/resources/{id}', 'PUT', 'Y', 'FUNCTION', 3 , 3, 2, 'ADMIN', NOW(), 1, NOW(), 1);

INSERT INTO resource(id, name, url, http_method, is_enabled, type, depth, ord, upper_id, category, modified_at, modified_by, created_at, created_by)
VALUES (6, '자원 이동', '/admin/resources/move', 'POST', 'Y', 'FUNCTION', 3 , 4, 2, 'ADMIN', NOW(), 1, NOW(), 1);

INSERT INTO resource(id, name, url, http_method, is_enabled, type, depth, ord, upper_id, category, modified_at, modified_by, created_at, created_by)
VALUES (7, '자원 상세조회', '/admin/resources/{id}', 'GET', 'Y', 'FUNCTION', 3 , 5, 2, 'ADMIN', NOW(), 1, NOW(), 1);

INSERT INTO resource(id, name, is_enabled, type, depth, ord, upper_id, category, modified_at, modified_by, created_at, created_by)
VALUES (8, '권한관리', 'Y', 'DIRECTORY', 2 , 2, 1, 'ADMIN', NOW(), 1, NOW(), 1);

INSERT INTO resource(id, name, url, http_method, is_enabled, type, depth, ord, upper_id, category, modified_at, modified_by, created_at, created_by)
VALUES (9, '권한관리 진입점', '/admin/roles/view', 'GET', 'Y', 'MENU', 3 , 1, 8, 'ADMIN', NOW(), 1, NOW(), 1);

INSERT INTO resource(id, name, url, http_method, is_enabled, type, depth, ord, upper_id, category, modified_at, modified_by, created_at, created_by)
VALUES (10, '역할관리 목록 화면', '/admin/roles/roleView', 'GET', 'Y', 'MENU_DETAIL', 4 , 1, 9, 'ADMIN', NOW(), 1, NOW(), 1);

INSERT INTO resource(id, name, url, http_method, is_enabled, type, depth, ord, upper_id, category, modified_at, modified_by, created_at, created_by)
VALUES (11, '역할관리 특정 역할 조회', '/admin/roles/{id}', 'GET', 'Y', 'FUNCTION', 5 , 1, 10, 'ADMIN', NOW(), 1, NOW(), 1);

INSERT INTO resource(id, name, url, http_method, is_enabled, type, depth, ord, upper_id, category, modified_at, modified_by, created_at, created_by)
VALUES (12, '역할관리 목록 조회', '/admin/roles', 'GET', 'Y', 'FUNCTION', 5 , 2, 10, 'ADMIN', NOW(), 1, NOW(), 1);

INSERT INTO resource(id, name, url, http_method, is_enabled, type, depth, ord, upper_id, category, modified_at, modified_by, created_at, created_by)
VALUES (13, '역할관리 수정', '/admin/roles/{id}', 'PUT', 'Y', 'FUNCTION', 5 , 3, 10, 'ADMIN', NOW(), 1, NOW(), 1);

INSERT INTO resource(id, name, url, http_method, is_enabled, type, depth, ord, upper_id, category, modified_at, modified_by, created_at, created_by)
VALUES (14, '역할관리 등록', '/admin/roles', 'POST', 'Y', 'FUNCTION', 5 , 4, 10, 'ADMIN', NOW(), 1, NOW(), 1);

INSERT INTO resource(id, name, url, http_method, is_enabled, type, depth, ord, upper_id, category, modified_at, modified_by, created_at, created_by)
VALUES (15, '사용자매핑 목록 화면', '/admin/roles/memberMapping/view', 'GET', 'Y', 'MENU_DETAIL', 4 , 2, 9, 'ADMIN', NOW(), 1, NOW(), 1);

INSERT INTO resource(id, name, url, http_method, is_enabled, type, depth, ord, upper_id, category, modified_at, modified_by, created_at, created_by)
VALUES (16, '사용자매핑 목록 조회', '/admin/roles/{id}/members', 'GET', 'Y', 'FUNCTION', 5 , 1, 15, 'ADMIN', NOW(), 1, NOW(), 1);

INSERT INTO resource(id, name, url, http_method, is_enabled, type, depth, ord, upper_id, category, modified_at, modified_by, created_at, created_by)
VALUES (17, '사용자매핑 등록 모달', '/admin/roles/memberListModal', 'GET', 'Y', 'MENU_DETAIL', 5 , 2, 15, 'ADMIN', NOW(), 1, NOW(), 1);

INSERT INTO resource(id, name, url, http_method, is_enabled, type, depth, ord, upper_id, category, modified_at, modified_by, created_at, created_by)
VALUES (19, '사용자 등록', '/admin/roles/memberMapping/members', 'POST', 'Y', 'FUNCTION', 6 , 1, 17, 'ADMIN', NOW(), 1, NOW(), 1);

INSERT INTO resource(id, name, url, http_method, is_enabled, type, depth, ord, upper_id, category, modified_at, modified_by, created_at, created_by)
VALUES (18, '사용자 목록 조회', '/admin/roles/memberMapping/members', 'GET', 'Y', 'FUNCTION', 6 , 2, 17, 'ADMIN', NOW(), 1, NOW(), 1);

INSERT INTO resource(id, name, url, http_method, is_enabled, type, depth, ord, upper_id, category, modified_at, modified_by, created_at, created_by)
VALUES (21, '자원관리 화면', '/admin/roles/resourceMapping/view', 'GET', 'Y', 'MENU_DETAIL', 4 , 3, 9, 'ADMIN', NOW(), 1, NOW(), 1);

INSERT INTO resource(id, name, url, http_method, is_enabled, type, depth, ord, upper_id, category, modified_at, modified_by, created_at, created_by)
VALUES (20, '역할에 자원 등록', '/admin/roles/{roleId}/resources/mapping', 'POST', 'Y', 'FUNCTION', 5 , 2, 21, 'ADMIN', NOW(), 1, NOW(), 1);

INSERT INTO resource(id, name, url, http_method, is_enabled, type, depth, ord, upper_id, category, modified_at, modified_by, created_at, created_by)
VALUES (22, '역할에 매핑된 자원 목록 조회', '/admin/roles/{roleId}/mappedResources', 'GET', 'Y', 'FUNCTION', 5 , 1, 21, 'ADMIN', NOW(), 1, NOW(), 1);

INSERT INTO resource(id, name, url, http_method, is_enabled, type, depth, ord, upper_id, category, modified_at, modified_by, created_at, created_by)
VALUES (24, '로그이력', '/admin/access-log/view', 'GET', 'Y', 'MENU', 2 , 3, 1, 'ADMIN', NOW(), 1, NOW(), 1);

INSERT INTO resource(id, name, url, http_method, is_enabled, type, depth, ord, upper_id, category, modified_at, modified_by, created_at, created_by)
VALUES (25, '로그이력 목록 조회', '/admin/access-log', 'GET', 'Y', 'FUNCTION', 3 , 1, 23, 'ADMIN', NOW(), 1, NOW(), 1);

INSERT INTO role_resource(id, role_id, resource_id, modified_at, modified_by, created_at, created_by)
VALUES (1, 1, 1, NOW(), 1, NOW(), 1);

INSERT INTO role_resource(id, role_id, resource_id, modified_at, modified_by, created_at, created_by)
VALUES (2, 1, 2, NOW(), 1, NOW(), 1);

INSERT INTO role_resource(id, role_id, resource_id, modified_at, modified_by, created_at, created_by)
VALUES (3, 1, 3, NOW(), 1, NOW(), 1);

INSERT INTO role_resource(id, role_id, resource_id, modified_at, modified_by, created_at, created_by)
VALUES (4, 1, 4, NOW(), 1, NOW(), 1);

INSERT INTO role_resource(id, role_id, resource_id, modified_at, modified_by, created_at, created_by)
VALUES (5, 1, 5, NOW(), 1, NOW(), 1);

INSERT INTO role_resource(id, role_id, resource_id, modified_at, modified_by, created_at, created_by)
VALUES (6, 1, 6, NOW(), 1, NOW(), 1);

INSERT INTO role_resource(id, role_id, resource_id, modified_at, modified_by, created_at, created_by)
VALUES (7, 1, 7, NOW(), 1, NOW(), 1);

INSERT INTO role_resource(id, role_id, resource_id, modified_at, modified_by, created_at, created_by)
VALUES (8, 1, 8, NOW(), 1, NOW(), 1);

INSERT INTO role_resource(id, role_id, resource_id, modified_at, modified_by, created_at, created_by)
VALUES (9, 1, 9, NOW(), 1, NOW(), 1);

INSERT INTO role_resource(id, role_id, resource_id, modified_at, modified_by, created_at, created_by)
VALUES (10, 1, 10, NOW(), 1, NOW(), 1);

INSERT INTO role_resource(id, role_id, resource_id, modified_at, modified_by, created_at, created_by)
VALUES (11, 1, 11, NOW(), 1, NOW(), 1);

INSERT INTO role_resource(id, role_id, resource_id, modified_at, modified_by, created_at, created_by)
VALUES (12, 1, 12, NOW(), 1, NOW(), 1);

INSERT INTO role_resource(id, role_id, resource_id, modified_at, modified_by, created_at, created_by)
VALUES (13, 1, 13, NOW(), 1, NOW(), 1);

INSERT INTO role_resource(id, role_id, resource_id, modified_at, modified_by, created_at, created_by)
VALUES (14, 1, 14, NOW(), 1, NOW(), 1);

INSERT INTO role_resource(id, role_id, resource_id, modified_at, modified_by, created_at, created_by)
VALUES (15, 1, 15, NOW(), 1, NOW(), 1);

INSERT INTO role_resource(id, role_id, resource_id, modified_at, modified_by, created_at, created_by)
VALUES (16, 1, 16, NOW(), 1, NOW(), 1);

INSERT INTO role_resource(id, role_id, resource_id, modified_at, modified_by, created_at, created_by)
VALUES (17, 1, 17, NOW(), 1, NOW(), 1);

INSERT INTO role_resource(id, role_id, resource_id, modified_at, modified_by, created_at, created_by)
VALUES (18, 1, 18, NOW(), 1, NOW(), 1);

INSERT INTO role_resource(id, role_id, resource_id, modified_at, modified_by, created_at, created_by)
VALUES (19, 1, 19, NOW(), 1, NOW(), 1);

INSERT INTO role_resource(id, role_id, resource_id, modified_at, modified_by, created_at, created_by)
VALUES (20, 1, 20, NOW(), 1, NOW(), 1);

INSERT INTO role_resource(id, role_id, resource_id, modified_at, modified_by, created_at, created_by)
VALUES (21, 1, 21, NOW(), 1, NOW(), 1);

INSERT INTO role_resource(id, role_id, resource_id, modified_at, modified_by, created_at, created_by)
VALUES (22, 1, 22, NOW(), 1, NOW(), 1);

INSERT INTO role_resource(id, role_id, resource_id, modified_at, modified_by, created_at, created_by)
VALUES (23, 1, 23, NOW(), 1, NOW(), 1);

INSERT INTO role_resource(id, role_id, resource_id, modified_at, modified_by, created_at, created_by)
VALUES (24, 1, 23, NOW(), 1, NOW(), 1);

INSERT INTO role_resource(id, role_id, resource_id, modified_at, modified_by, created_at, created_by)
VALUES (25, 1, 23, NOW(), 1, NOW(), 1);

INSERT INTO faq(id, category, title, content, ord, is_enabled, modified_at, modified_by, created_at, created_by)
VALUES (1, 'TYPE_A', 'Lorem ipsum dolor sit amet', 'content1',  1, 'Y', NOW(), 1, NOW(), 1);

INSERT INTO faq(id, category, title, content, ord, is_enabled, modified_at, modified_by, created_at, created_by)
VALUES (2, 'TYPE_A', 'Pellentesque erat arcu', 'content2', 2, 'Y', NOW(), 1, NOW(), 1);

INSERT INTO faq(id, category, title, content, ord, is_enabled, modified_at, modified_by, created_at, created_by)
VALUES (3, 'TYPE_C', 'Nam vitae tellus lectus. Sed porttit', 'content3', 3, 'Y', NOW(), 1, NOW(), 1);

INSERT INTO faq(id, category, title, content, ord, is_enabled, modified_at, modified_by, created_at, created_by)
VALUES (4, 'TYPE_D', 'nec massa eu faucibus', 'content4', 4, 'Y', NOW(), 1, NOW(), 1);

INSERT INTO faq(id, category, title, content, ord, is_enabled, modified_at, modified_by, created_at, created_by)
VALUES (5, 'TYPE_E', 'Fusce eget turpis lorem', 'content5', 5, 'Y', NOW(), 1, NOW(), 1);


INSERT INTO send_template(id, method, title, content, category, is_enabled, time_point, created_at, created_by, modified_at, modified_by)
VALUES (1, 'EMAIL', '템플릿1', '템플릿 내용1', 'batch', 'Y', '정기 쿠폰 발행', NOW(), 1, NOW(), 1);

INSERT INTO send_template(id, method, title, content, category, is_enabled, time_point, created_at, created_by, modified_at, modified_by)
VALUES (2, 'EMAIL', '템플릿2', '템플릿 내용2', 'now', 'Y', '-', NOW(), 1, NOW(), 1);

INSERT INTO send_template(id, method, title, content, category, is_enabled, time_point, created_at, created_by, modified_at, modified_by)
VALUES (3, 'EMAIL', '템플릿3', '템플릿 내용3', 'immediate', 'Y', '회원탈퇴 완료', NOW(), 1, NOW(), 1);

INSERT INTO send_template(id, method, title, content, category, is_enabled, time_point, created_at, created_by, modified_at, modified_by)
VALUES (4, 'EMAIL', '템플릿4', '템플릿 내용4', 'batch', 'N', '회원가입 완료', NOW(), 1, NOW(), 1);

INSERT INTO send_template(id, method, title, content, category, is_enabled, time_point, created_at, created_by, modified_at, modified_by)
VALUES (5, 'EMAIL', '템플릿5', '템플릿 내용5', 'now', 'Y', '예약 취소', NOW(), 1, NOW(), 1);

INSERT INTO send_template(id, method, title, content, category, is_enabled, time_point, created_at, created_by, modified_at, modified_by)
VALUES (6, 'EMAIL', '템플릿6', '템플릿 내용6', 'immediate', 'Y', '정기 쿠폰 발행', NOW(), 1, NOW(), 1);

INSERT INTO send_template(id, method, title, content, category, is_enabled, time_point, created_at, created_by, modified_at, modified_by)
VALUES (7, 'EMAIL', '템플릿7', '템플릿 내용7', 'batch', 'N', '회원가입 완료', NOW(), 1, NOW(), 1);

INSERT INTO send_template(id, method, title, content, category, is_enabled, time_point, created_at, created_by, modified_at, modified_by)
VALUES (8, 'EMAIL', '템플릿8', '템플릿 내용8', 'immediate', 'N', '예약 취소', NOW(), 1, NOW(), 1);

INSERT INTO send_template(id, method, title, content, category, is_enabled, time_point, created_at, created_by, modified_at, modified_by)
VALUES (9, 'EMAIL', '템플릿9', '템플릿 내용9', 'batch', 'Y', '예약 취소', NOW(), 1, NOW(), 1);

INSERT INTO send_template(id, method, title, content, category, is_enabled, time_point, created_at, created_by, modified_at, modified_by)
VALUES (10, 'EMAIL', '템플릿10', '템플릿 내용10', 'now', 'Y', '정기 쿠폰 발행', NOW(), 1, NOW(), 1);

INSERT INTO send_template(id, method, title, content, category, is_enabled, time_point, created_at, created_by, modified_at, modified_by)
VALUES (11, 'EMAIL', '템플릿11', '템플릿 내용11', 'immediate', 'Y', '정기 쿠폰 발행', NOW(), 1, NOW(), 1);

INSERT INTO send_history(id, send_template_id, content, recipient_id, recipient_email, sender_id, sender_email, sended_at, created_at, created_by, modified_at, modified_by)
VALUES (1, 1, '템플릿내용1', 1, 'sjd4328@kbrainc.com', 1, 'saesig@gmail.com', NOW(), NOW(), 1, NOW(), 1);

INSERT INTO send_history(id, send_template_id, content, recipient_id, recipient_email, sender_id, sender_email, sended_at, created_at, created_by, modified_at, modified_by)
VALUES (2, 2, '템플릿내용2', 1, 'sjd4328@kbrainc.com', 1, 'saesig@gmail.com', NOW(), NOW(), 1, NOW(), 1);

INSERT INTO send_history(id, send_template_id, content, recipient_id, recipient_email, sender_id, sender_email, sended_at, created_at, created_by, modified_at, modified_by)
VALUES (3, 3, '템플릿내용3', 1, 'sjd4328@kbrainc.com', 1, 'saesig@gmail.com', NOW(), NOW(), 1, NOW(), 1);

INSERT INTO send_history(id, send_template_id, content, recipient_id, recipient_email, sender_id, sender_email, sended_at, created_at, created_by, modified_at, modified_by)
VALUES (4, 4, '템플릿내용4', 1, 'sjd4328@kbrainc.com', 1, 'saesig@gmail.com', NOW(), NOW(), 1, NOW(), 1);

INSERT INTO send_history(id, send_template_id, content, recipient_id, recipient_email, sender_id, sender_email, sended_at, created_at, created_by, modified_at, modified_by)
VALUES (5, 5, '템플릿내용5', 1, 'sjd4328@kbrainc.com', 1, 'saesig@gmail.com', NOW(), NOW(), 1, NOW(), 1);

INSERT INTO send_history(id, send_template_id, content, recipient_id, recipient_email, sender_id, sender_email, sended_at, created_at, created_by, modified_at, modified_by)
VALUES (6, 6, '템플릿내용6', 1, 'sjd4328@kbrainc.com', 1, 'saesig@gmail.com', NOW(), NOW(), 1, NOW(), 1);

INSERT INTO board(id, name, description, use_category, use_board, use_fix, modified_at, modified_by, created_at, created_by)
VALUES (1, '동헌 게시판', '동헌 게시판', 'Y', 'Y', 'N', NOW(), 1, NOW(), 1);

INSERT INTO board(id, name, description, category, modified_at, modified_by, created_at, created_by) VALUES (2, '관리자 게시판', '관리자 게시판', 'ADMIN', NOW(), 1, NOW(), 1);

INSERT INTO post(id, board_id, category, title, content, attach_file_group_id, is_deleted, hits, is_fixed, modified_at, modified_by, created_at, created_by)
VALUES (1, 2, '유형1', '제목1', '내용1', 0, 'N', 123, 'N', NOW(), 1, NOW(), 1);

INSERT INTO post(id, board_id, category, title, content, attach_file_group_id, is_deleted, hits, is_fixed, modified_at, modified_by, created_at, created_by)
VALUES (2, 2, '유형2', '제목2', '내용2', 0, 'N', 123, 'N', NOW(), 1, NOW(), 1);

INSERT INTO post(id, board_id, category, title, content, attach_file_group_id, is_deleted, hits, is_fixed, modified_at, modified_by, created_at, created_by)
VALUES (3, 2, '유형3', '제목3', '내용3', 0, 'N', 123, 'N', NOW(), 1, NOW(), 1);

INSERT INTO post(id, board_id, category, title, content, attach_file_group_id, is_deleted, hits, is_fixed, modified_at, modified_by, created_at, created_by)
VALUES (4, 2, '유형4', '제목4', '내용4', 0, 'N', 123, 'N', NOW(), 1, NOW(), 1);

INSERT INTO post(id, board_id, category, title, content, attach_file_group_id, is_deleted, hits, is_fixed, modified_at, modified_by, created_at, created_by)
VALUES (5, 2, '유형5', '제목5', '내용5', 0, 'N', 123, 'N', NOW(), 1, NOW(), 1);

INSERT INTO post(id, board_id, category, title, content, attach_file_group_id, is_deleted, hits, is_fixed, modified_at, modified_by, created_at, created_by)
VALUES (6, 2, '유형6', '제목6', '내용6', 0, 'N', 123, 'N', NOW(), 1, NOW(), 1);

INSERT INTO post(id, board_id, category, title, content, attach_file_group_id, is_deleted, hits, is_fixed, modified_at, modified_by, created_at, created_by)
VALUES (7, 2, '유형7', '제목7', '내용7', 0, 'N', 123, 'N', NOW(), 1, NOW(), 1);

INSERT INTO post(id, board_id, category, title, content, attach_file_group_id, is_deleted, hits, is_fixed, modified_at, modified_by, created_at, created_by)
VALUES (8, 2, '유형8', '제목8', '내용8', 0, 'N', 123, 'N', NOW(), 1, NOW(), 1);

INSERT INTO post(id, board_id, category, title, content, attach_file_group_id, is_deleted, hits, is_fixed, modified_at, modified_by, created_at, created_by)
VALUES (9, 2, '유형9', '제목9', '내용9', 0, 'N', 123, 'N', NOW(), 1, NOW(), 1);

INSERT INTO post(id, board_id, category, title, content, attach_file_group_id, is_deleted, hits, is_fixed, modified_at, modified_by, created_at, created_by)
VALUES (10, 2, '유형10', '제목10', '내용10', 0, 'N', 123, 'N', NOW(), 1, NOW(), 1);

INSERT INTO post(id, board_id, category, title, content, attach_file_group_id, is_deleted, hits, is_fixed, modified_at, modified_by, created_at, created_by)
VALUES (11, 2, '유형11', '제목11', '내용11', 0, 'N', 123, 'N', NOW(), 1, NOW(), 1);

INSERT INTO animal_division1(id, category)
VALUES (1, '개');

INSERT INTO animal_division1(id, category)
VALUES (2, '고양이');

INSERT INTO animal_division2(id, animal_division1_id, category)
VALUES (1,1, '골든리트리버');

INSERT INTO animal_division2(id, animal_division1_id, category)
VALUES (2, 1, '레브라도리트리버');

INSERT INTO animal_division2(id, animal_division1_id, category)
VALUES (3, 2, '코리안 숏 헤어');

INSERT INTO animal_division2(id, animal_division1_id, category)
VALUES (4, 2, '샴');

INSERT INTO adopt(id, adopt_member_id, hits, title, content, gender, age, age_category, status, is_deleted, is_castrated, responsibility_cost, etc_content, animal_division1_id, animal_division2_id, image_file_group_id, sido, sigungu, modified_at, modified_by, created_at, created_by)
VALUES(1, 1, 0, 'title','content', 'M', 13, 'ASD', 'COMPLETE', 'N', 'N', 1000, 'etc_content', 1,1, NULL, 'sido','signgu',  NOW(), 1, NOW(), 1);

INSERT INTO chatting_room (TITLE, CHAT_ID, ADOPT_ID, MEMBER_ID, CREATED_AT, CREATED_BY) VALUES ('1', 112, 1, 1, '2023-09-07 07:13:04.409547', 2);
INSERT INTO chatting_room (TITLE, CHAT_ID, ADOPT_ID, MEMBER_ID, CREATED_AT, CREATED_BY) VALUES ('1', 112, 1, 2, '2023-09-07 07:13:04.419490', 2);
INSERT INTO chatting_room (TITLE, CHAT_ID, ADOPT_ID, MEMBER_ID, CREATED_AT, CREATED_BY) VALUES ('2', 113, 1, 1, '2023-09-07 07:13:04.425475', 3);
INSERT INTO chatting_room (TITLE, CHAT_ID, ADOPT_ID, MEMBER_ID, CREATED_AT, CREATED_BY) VALUES ('2', 113, 1, 3, '2023-09-07 07:13:04.432457', 3);
INSERT INTO chatting_room (TITLE, CHAT_ID, ADOPT_ID, MEMBER_ID, CREATED_AT, CREATED_BY) VALUES ('3', 114, 1, 1, '2023-09-07 07:13:04.437443', 4);
INSERT INTO chatting_room (TITLE, CHAT_ID, ADOPT_ID, MEMBER_ID, CREATED_AT, CREATED_BY) VALUES ('3', 114, 1, 4, '2023-09-07 07:13:04.443455', 4);
INSERT INTO chatting_room (TITLE, CHAT_ID, ADOPT_ID, MEMBER_ID, CREATED_AT, CREATED_BY) VALUES ('4', 115, 1, 1, '2023-09-07 07:13:04.448413', 5);
INSERT INTO chatting_room (TITLE, CHAT_ID, ADOPT_ID, MEMBER_ID, CREATED_AT, CREATED_BY) VALUES ('4', 115, 1, 5, '2023-09-07 07:13:04.454425', 5);
INSERT INTO chatting_room (TITLE, CHAT_ID, ADOPT_ID, MEMBER_ID, CREATED_AT, CREATED_BY) VALUES ('5', 116, 1, 1, '2023-09-07 07:13:04.459412', 6);
INSERT INTO chatting_room (TITLE, CHAT_ID, ADOPT_ID, MEMBER_ID, CREATED_AT, CREATED_BY) VALUES ('5', 116, 1, 6, '2023-09-07 07:13:04.463373', 6);
INSERT INTO vaccine (NAME) VALUES ('혼합예방주사');
INSERT INTO vaccine (NAME) VALUES ('코로나 장염');
INSERT INTO vaccine (NAME) VALUES ('기관,기관지염');
INSERT INTO vaccine (NAME) VALUES ('광견병');
INSERT INTO vaccine (NAME) VALUES ('신종플루');
INSERT INTO adopt_vaccine (ADOPT_ID, VACCINE_ID, MODIFIED_AT, MODIFIED_BY, CREATED_AT, CREATED_BY) VALUES (1, 1, '2023-09-14 17:55:45.000000', 1, '2023-09-14 17:55:56.000000', 1);
INSERT INTO adopt_vaccine (ADOPT_ID, VACCINE_ID, MODIFIED_AT, MODIFIED_BY, CREATED_AT, CREATED_BY) VALUES (1, 2, '2023-09-14 17:55:46.000000', 1, '2023-09-14 17:55:57.000000', 1);
INSERT INTO adopt_vaccine (ADOPT_ID, VACCINE_ID, MODIFIED_AT, MODIFIED_BY, CREATED_AT, CREATED_BY) VALUES (1, 3, '2023-09-14 17:55:47.000000', 1, '2023-09-14 17:55:58.000000', 1);
INSERT INTO adopt_report(ADOPT_ID, CATEGORY, CONTENT, MEMBER_ID, MODIFIED_AT, MODIFIED_BY, CREATED_AT, CREATED_BY) VALUES (1, 'TYPE_A', 'test', 5, '2023-09-18 10:20:31.000000', 1, '2023-09-18 10:20:34.000000', 1);

INSERT INTO inquiry (CATEGORY, INCOMING_EMAIL, STATUS, TITLE, CONTENT, IS_DELETED, CREATED_AT, CREATED_BY, MODIFIED_AT, MODIFIED_BY) VALUES ('PARCEL_OUT', 'ann959896@gmail.com', 'INCOMPLETE', 'test', 'test', 'N', '2023-09-20 14:06:45.000000', 6, '2023-09-20 14:06:48.000000', 6);
INSERT INTO inquiry (CATEGORY, INCOMING_EMAIL, STATUS, TITLE, CONTENT, IS_DELETED, CREATED_AT, CREATED_BY, MODIFIED_AT, MODIFIED_BY) VALUES ('PARCEL_OUT', 'ann959896@gmail.com', 'INCOMPLETE', 'test', 'test', 'N', '2023-09-20 14:06:45.000000', 6, '2023-09-20 14:06:48.000000', 6);
INSERT INTO inquiry (CATEGORY, INCOMING_EMAIL, STATUS, TITLE, CONTENT, IS_DELETED, CREATED_AT, CREATED_BY, MODIFIED_AT, MODIFIED_BY) VALUES ('PARCEL_OUT', 'ann959896@gmail.com', 'INCOMPLETE', 'test', 'test', 'N', '2023-09-20 14:06:45.000000', 6, '2023-09-20 14:06:48.000000', 6);
INSERT INTO inquiry (CATEGORY, INCOMING_EMAIL, STATUS, TITLE, CONTENT, IS_DELETED, CREATED_AT, CREATED_BY, MODIFIED_AT, MODIFIED_BY) VALUES ('PARCEL_OUT', 'ann959896@gmail.com', 'INCOMPLETE', 'test', 'test', 'N', '2023-09-20 14:06:45.000000', 6, '2023-09-20 14:06:48.000000', 6);
INSERT INTO inquiry (CATEGORY, INCOMING_EMAIL, STATUS, TITLE, CONTENT, IS_DELETED, CREATED_AT, CREATED_BY, MODIFIED_AT, MODIFIED_BY) VALUES ('PARCEL_OUT', 'ann959896@gmail.com', 'INCOMPLETE', 'test', 'test', 'N', '2023-09-20 14:06:45.000000', 6, '2023-09-20 14:06:48.000000', 6);
INSERT INTO inquiry (CATEGORY, INCOMING_EMAIL, STATUS, TITLE, CONTENT, IS_DELETED, CREATED_AT, CREATED_BY, MODIFIED_AT, MODIFIED_BY) VALUES ('PARCEL_OUT', 'ann959896@gmail.com', 'INCOMPLETE', 'test', 'test', 'N', '2023-09-20 14:06:45.000000', 6, '2023-09-20 14:06:48.000000', 6);
INSERT INTO inquiry (CATEGORY, INCOMING_EMAIL, STATUS, TITLE, CONTENT, IS_DELETED, CREATED_AT, CREATED_BY, MODIFIED_AT, MODIFIED_BY) VALUES ('PARCEL_OUT', 'ann959896@gmail.com', 'INCOMPLETE', 'test', 'test', 'N', '2023-09-20 14:06:45.000000', 6, '2023-09-20 14:06:48.000000', 6);
INSERT INTO inquiry (CATEGORY, INCOMING_EMAIL, STATUS, TITLE, CONTENT, IS_DELETED, CREATED_AT, CREATED_BY, MODIFIED_AT, MODIFIED_BY) VALUES ('PARCEL_OUT', 'ann959896@gmail.com', 'INCOMPLETE', 'test', 'test', 'N', '2023-09-20 14:06:45.000000', 6, '2023-09-20 14:06:48.000000', 6);
INSERT INTO inquiry (CATEGORY, INCOMING_EMAIL, STATUS, TITLE, CONTENT, IS_DELETED, CREATED_AT, CREATED_BY, MODIFIED_AT, MODIFIED_BY) VALUES ('PARCEL_OUT', 'ann959896@gmail.com', 'INCOMPLETE', 'test', 'test', 'N', '2023-09-20 14:06:45.000000', 6, '2023-09-20 14:06:48.000000', 6);
INSERT INTO inquiry (CATEGORY, INCOMING_EMAIL, STATUS, TITLE, CONTENT, IS_DELETED, CREATED_AT, CREATED_BY, MODIFIED_AT, MODIFIED_BY) VALUES ('PARCEL_OUT', 'ann959896@gmail.com', 'INCOMPLETE', 'test', 'test', 'N', '2023-09-20 14:06:45.000000', 6, '2023-09-20 14:06:48.000000', 6);
INSERT INTO inquiry (CATEGORY, INCOMING_EMAIL, STATUS, TITLE, CONTENT, IS_DELETED, CREATED_AT, CREATED_BY, MODIFIED_AT, MODIFIED_BY) VALUES ('PARCEL_OUT', 'ann959896@gmail.com', 'INCOMPLETE', 'test', 'test', 'N', '2023-09-20 14:06:45.000000', 6, '2023-09-20 14:06:48.000000', 6);

INSERT INTO diary (TITLE, CONTENT, IMAGE_FILE_GROUP_ID, WEATHER_CATEGORY, CATEGORY, STATUS, IS_SECRET, IS_DELETED, HITS, CREATED_AT, CREATED_BY, MODIFIED_AT, MODIFIED_BY) VALUES ('test1', 'test1', 1, 'TYPE_A', 'SAESIGDIARY', 'POSTING', 'N', 'N', 0, '2023-11-24 16:06:01.000000', 1, '2023-11-24 16:06:06.000000', 1);

INSERT INTO tag (NAME) VALUES ('TAG_1');
INSERT INTO tag (NAME) VALUES ('TAG_2');
INSERT INTO tag (NAME) VALUES ('TAG_3');
INSERT INTO tag (NAME) VALUES ('TAG_4');
INSERT INTO tag (NAME) VALUES ('TAG_5');

INSERT INTO diary_comment (DIARY_ID, UPPER_ID, CONTENT, IS_DELETED, DEPTH, CREATED_AT, CREATED_BY, MODIFIED_AT, MODIFIED_BY) VALUES (1, null, 'test', 'N', 1, '2023-11-27 09:59:32.000000', 1, '2023-11-27 09:59:40.000000', 1);
INSERT INTO diary_comment (DIARY_ID, UPPER_ID, CONTENT, IS_DELETED, DEPTH, CREATED_AT, CREATED_BY, MODIFIED_AT, MODIFIED_BY) VALUES (1, 1, 'test1', 'N', 2, '2023-11-27 09:59:36.000000', 1, '2023-11-27 09:59:40.000000', 1);
INSERT INTO diary_comment (DIARY_ID, UPPER_ID, CONTENT, IS_DELETED, DEPTH, CREATED_AT, CREATED_BY, MODIFIED_AT, MODIFIED_BY) VALUES (1, 1, 'test2', 'N', 2, '2023-11-27 09:59:36.000000', 1, '2023-11-27 09:59:40.000000', 1);
INSERT INTO diary_comment (DIARY_ID, UPPER_ID, CONTENT, IS_DELETED, DEPTH, CREATED_AT, CREATED_BY, MODIFIED_AT, MODIFIED_BY) VALUES (1, 1, 'test3', 'N', 2, '2023-11-27 09:59:36.000000', 1, '2023-11-27 09:59:40.000000', 1);
INSERT INTO diary_comment (DIARY_ID, UPPER_ID, CONTENT, IS_DELETED, DEPTH, CREATED_AT, CREATED_BY, MODIFIED_AT, MODIFIED_BY) VALUES (1, 1, 'test4', 'N', 2, '2023-11-27 09:59:36.000000', 1, '2023-11-27 09:59:40.000000', 1);
INSERT INTO diary_comment (DIARY_ID, UPPER_ID, CONTENT, IS_DELETED, DEPTH, CREATED_AT, CREATED_BY, MODIFIED_AT, MODIFIED_BY) VALUES (1, null, 'test', 'N', 1, '2023-11-27 09:59:32.000000', 1, '2023-11-27 09:59:40.000000', 1);
INSERT INTO diary_comment (DIARY_ID, UPPER_ID, CONTENT, IS_DELETED, DEPTH, CREATED_AT, CREATED_BY, MODIFIED_AT, MODIFIED_BY) VALUES (1, 6, 'test1', 'N', 2, '2023-11-27 09:59:36.000000', 1, '2023-11-27 09:59:40.000000', 1);
INSERT INTO diary_comment (DIARY_ID, UPPER_ID, CONTENT, IS_DELETED, DEPTH, CREATED_AT, CREATED_BY, MODIFIED_AT, MODIFIED_BY) VALUES (1, 6, 'test2', 'N', 2, '2023-11-27 09:59:36.000000', 1, '2023-11-27 09:59:40.000000', 1);
INSERT INTO diary_comment (DIARY_ID, UPPER_ID, CONTENT, IS_DELETED, DEPTH, CREATED_AT, CREATED_BY, MODIFIED_AT, MODIFIED_BY) VALUES (1, 6, 'test3', 'N', 2, '2023-11-27 09:59:36.000000', 1, '2023-11-27 09:59:40.000000', 1);
INSERT INTO diary_comment (DIARY_ID, UPPER_ID, CONTENT, IS_DELETED, DEPTH, CREATED_AT, CREATED_BY, MODIFIED_AT, MODIFIED_BY) VALUES (1, 6, 'test4', 'N', 2, '2023-11-27 09:59:36.000000', 1, '2023-11-27 09:59:40.000000', 1);
INSERT INTO diary_comment (DIARY_ID, UPPER_ID, CONTENT, IS_DELETED, DEPTH, CREATED_AT, CREATED_BY, MODIFIED_AT, MODIFIED_BY) VALUES (1, null, 'test', 'N', 1, '2023-11-27 09:59:32.000000', 1, '2023-11-27 09:59:40.000000', 1);
INSERT INTO diary_comment (DIARY_ID, UPPER_ID, CONTENT, IS_DELETED, DEPTH, CREATED_AT, CREATED_BY, MODIFIED_AT, MODIFIED_BY) VALUES (1, 11, 'test1', 'N', 2, '2023-11-27 09:59:36.000000', 1, '2023-11-27 09:59:40.000000', 1);
INSERT INTO diary_comment (DIARY_ID, UPPER_ID, CONTENT, IS_DELETED, DEPTH, CREATED_AT, CREATED_BY, MODIFIED_AT, MODIFIED_BY) VALUES (1, 11, 'test2', 'N', 2, '2023-11-27 09:59:36.000000', 1, '2023-11-27 09:59:40.000000', 1);
INSERT INTO diary_comment (DIARY_ID, UPPER_ID, CONTENT, IS_DELETED, DEPTH, CREATED_AT, CREATED_BY, MODIFIED_AT, MODIFIED_BY) VALUES (1, 11, 'test3', 'N', 2, '2023-11-27 09:59:36.000000', 1, '2023-11-27 09:59:40.000000', 1);
INSERT INTO diary_comment (DIARY_ID, UPPER_ID, CONTENT, IS_DELETED, DEPTH, CREATED_AT, CREATED_BY, MODIFIED_AT, MODIFIED_BY) VALUES (1, 11, 'test4', 'N', 2, '2023-11-27 09:59:36.000000', 1, '2023-11-27 09:59:40.000000', 1);
INSERT INTO diary_comment (DIARY_ID, UPPER_ID, CONTENT, IS_DELETED, DEPTH, CREATED_AT, CREATED_BY, MODIFIED_AT, MODIFIED_BY) VALUES (1, null, 'test', 'N', 1, '2023-11-27 09:59:32.000000', 1, '2023-11-27 09:59:40.000000', 1);
INSERT INTO diary_comment (DIARY_ID, UPPER_ID, CONTENT, IS_DELETED, DEPTH, CREATED_AT, CREATED_BY, MODIFIED_AT, MODIFIED_BY) VALUES (1, 16, 'test1', 'N', 2, '2023-11-27 09:59:36.000000', 1, '2023-11-27 09:59:40.000000', 1);
INSERT INTO diary_comment (DIARY_ID, UPPER_ID, CONTENT, IS_DELETED, DEPTH, CREATED_AT, CREATED_BY, MODIFIED_AT, MODIFIED_BY) VALUES (1, 16, 'test2', 'N', 2, '2023-11-27 09:59:36.000000', 1, '2023-11-27 09:59:40.000000', 1);
INSERT INTO diary_comment (DIARY_ID, UPPER_ID, CONTENT, IS_DELETED, DEPTH, CREATED_AT, CREATED_BY, MODIFIED_AT, MODIFIED_BY) VALUES (1, 16, 'test3', 'N', 2, '2023-11-27 09:59:36.000000', 1, '2023-11-27 09:59:40.000000', 1);
INSERT INTO diary_comment (DIARY_ID, UPPER_ID, CONTENT, IS_DELETED, DEPTH, CREATED_AT, CREATED_BY, MODIFIED_AT, MODIFIED_BY) VALUES (1, 16, 'test4', 'N', 2, '2023-11-27 09:59:36.000000', 1, '2023-11-27 09:59:40.000000', 1);

