INSERT INTO member(id, email, password, prev_password, password_modified_at, signup_method, nickname, status, joined_at, modified_at, modified_by, created_at, created_by, service_agreement, privacy_agreement)
VALUES (1, 'email1@email.com', '{bcrypt}$2a$10$qlVoO2ynDB1hCxQnEFf1iu5aQgtQoJhm47V6iJmIwV0oc2u134HD6', '{bcrypt}$2a$10$qlVoO2ynDB1hCxQnEFf1iu5aQgtQoJhm47V6iJmIwV0oc2u134HD6', NOW(), 'EMAIL', '서정도1', 'NORMAL', NOW(), NOW(), 1, NOW(), 1, 'Y', 'Y');

INSERT INTO member(id, email, password, prev_password, password_modified_at, signup_method, nickname, status, joined_at, modified_at, modified_by, created_at, created_by, service_agreement, privacy_agreement)
VALUES (2, 'email2@email.com', '{bcrypt}$2a$10$qlVoO2ynDB1hCxQnEFf1iu5aQgtQoJhm47V6iJmIwV0oc2u134HD6', '{bcrypt}$2a$10$qlVoO2ynDB1hCxQnEFf1iu5aQgtQoJhm47V6iJmIwV0oc2u134HD6', NOW(), 'EMAIL', '서정도2', 'NORMAL', NOW(), NOW(), 1, NOW(), 1, 'Y', 'Y');

INSERT INTO member(id, email, password, prev_password, password_modified_at, signup_method, nickname, status, joined_at, modified_at, modified_by, created_at, created_by, service_agreement, privacy_agreement)
VALUES (3, 'email3@email.com', '{bcrypt}$2a$10$qlVoO2ynDB1hCxQnEFf1iu5aQgtQoJhm47V6iJmIwV0oc2u134HD6', '{bcrypt}$2a$10$qlVoO2ynDB1hCxQnEFf1iu5aQgtQoJhm47V6iJmIwV0oc2u134HD6', NOW(), 'EMAIL', '서정도3', 'NORMAL', NOW(), NOW(), 1, NOW(), 1, 'Y', 'Y');

INSERT INTO member(id, email, password, prev_password, password_modified_at, signup_method, nickname, status, joined_at, modified_at, modified_by, created_at, created_by, service_agreement, privacy_agreement)
VALUES (4, 'email4@email.com', '{bcrypt}$2a$10$qlVoO2ynDB1hCxQnEFf1iu5aQgtQoJhm47V6iJmIwV0oc2u134HD6', '{bcrypt}$2a$10$qlVoO2ynDB1hCxQnEFf1iu5aQgtQoJhm47V6iJmIwV0oc2u134HD6', NOW(), 'EMAIL', '서정도4', 'NORMAL', NOW(), NOW(), 1, NOW(), 1, 'Y', 'Y');

INSERT INTO member(id, email, password, prev_password, password_modified_at, signup_method, nickname, status, joined_at, modified_at, modified_by, created_at, created_by, service_agreement, privacy_agreement)
VALUES (5, 'email5@email.com', '{bcrypt}$2a$10$qlVoO2ynDB1hCxQnEFf1iu5aQgtQoJhm47V6iJmIwV0oc2u134HD6', '{bcrypt}$2a$10$qlVoO2ynDB1hCxQnEFf1iu5aQgtQoJhm47V6iJmIwV0oc2u134HD6', NOW(), 'SOCIAL', '서정도5', 'NORMAL', NOW(), NOW(), 1, NOW(), 1, 'Y', 'Y');

INSERT INTO member(id, email, password, prev_password, password_modified_at, signup_method, nickname, status, joined_at, modified_at, modified_by, created_at, created_by, service_agreement, privacy_agreement)
VALUES (6, 'email6@email.com', '{bcrypt}$2a$10$qlVoO2ynDB1hCxQnEFf1iu5aQgtQoJhm47V6iJmIwV0oc2u134HD6',  '{bcrypt}$2a$10$qlVoO2ynDB1hCxQnEFf1iu5aQgtQoJhm47V6iJmIwV0oc2u134HD6', NOW(), 'SOCIAL', '서정도6', 'NORMAL', NOW(), NOW(), 1, NOW(), 1, 'Y', 'Y');

INSERT INTO member(id, email, password, prev_password, password_modified_at, signup_method, nickname, status, joined_at, modified_at, modified_by, created_at, created_by, service_agreement, privacy_agreement)
VALUES (7, 'email7@email.com', '{bcrypt}$2a$10$qlVoO2ynDB1hCxQnEFf1iu5aQgtQoJhm47V6iJmIwV0oc2u134HD6', '{bcrypt}$2a$10$qlVoO2ynDB1hCxQnEFf1iu5aQgtQoJhm47V6iJmIwV0oc2u134HD6', NOW(), 'SOCIAL', '서정도7', 'NORMAL', NOW(), NOW(), 1, NOW(), 1, 'Y', 'Y');

INSERT INTO member(id, email, password, prev_password, password_modified_at, signup_method, nickname, status, joined_at, modified_at, modified_by, created_at, created_by, service_agreement, privacy_agreement)
VALUES (8, 'email8@email.com', '{bcrypt}$2a$10$qlVoO2ynDB1hCxQnEFf1iu5aQgtQoJhm47V6iJmIwV0oc2u134HD6', '{bcrypt}$2a$10$qlVoO2ynDB1hCxQnEFf1iu5aQgtQoJhm47V6iJmIwV0oc2u134HD6', NOW(), 'SOCIAL', '서정도8', 'NORMAL', NOW(), NOW(), 1, NOW(), 1, 'Y', 'Y');

INSERT INTO member(id, email, password, prev_password, password_modified_at, signup_method, nickname, status, joined_at, modified_at, modified_by, created_at, created_by, service_agreement, privacy_agreement)
VALUES (9, 'email9@email.com', '{bcrypt}$2a$10$qlVoO2ynDB1hCxQnEFf1iu5aQgtQoJhm47V6iJmIwV0oc2u134HD6', '{bcrypt}$2a$10$qlVoO2ynDB1hCxQnEFf1iu5aQgtQoJhm47V6iJmIwV0oc2u134HD6', NOW(), 'SOCIAL', '서정도9', 'NORMAL', NOW(), NOW(), 1, NOW(), 1, 'Y', 'Y');

INSERT INTO member(id, email, password, prev_password, password_modified_at, signup_method, nickname, status, joined_at, modified_at, modified_by, created_at, created_by, service_agreement, privacy_agreement)
VALUES (10, 'wjm358@naver.com', '{bcrypt}$2a$10$qlVoO2ynDB1hCxQnEFf1iu5aQgtQoJhm47V6iJmIwV0oc2u134HD6', '{bcrypt}$2a$10$qlVoO2ynDB1hCxQnEFf1iu5aQgtQoJhm47V6iJmIwV0oc2u134HD6', NOW(), 'SOCIAL', '원종민', 'NORMAL', NOW(), NOW(), 1, NOW(), 1, 'Y', 'Y');

INSERT INTO role(id, name, upper_id, is_enabled, description, modified_at, modified_by, created_at, created_by)
VALUES (1, 'ROLE_USER', NULL, 'Y', '사용자 역할', NOW(), 1, NOW(), 1);

INSERT INTO role(id, name, upper_id, is_enabled, description, modified_at, modified_by, created_at, created_by)
VALUES (2, 'ROLE_ADMIN', NULL, 'Y', '관리자 역할', NOW(), 1, NOW(), 1);

INSERT INTO role(id, name, upper_id, is_enabled, description, modified_at, modified_by, created_at, created_by)
VALUES (3, 'ROLE_GUEST', NULL, 'Y', '게스트 역할', NOW(), 1, NOW(), 1);

INSERT INTO role(id, name, upper_id, is_enabled, description, modified_at, modified_by, created_at, created_by)
VALUES (4, 'ROLE_ANONYMOUS', NULL, 'Y', '익명 역할', NOW(), 1, NOW(), 1);

INSERT INTO member_role(id, member_id,role_id, modified_at, modified_by, created_at, created_by)
VALUES(1, 1, 2, NOW(),1,NOW(),1);

INSERT INTO resource(id, name, url, http_method, is_enabled, type, depth, ord, upper_id, modified_at, modified_by, created_at, created_by)
VALUES (1, '회원관리', '/admin/members', 'GET', 'Y', 'MENU', 1, 1, NULL, NOW(), 1, NOW(), 1);

INSERT INTO resource(id, name, url, http_method, is_enabled, type, depth, ord, upper_id, modified_at, modified_by, created_at, created_by)
VALUES (2, '시스템관리', '/admin/system', 'GET', 'Y', 'MENU', 1, 2, NULL, NOW(), 1, NOW(), 1);

INSERT INTO resource(id, name, url, http_method, is_enabled, type, depth, ord, upper_id, modified_at, modified_by, created_at, created_by)
VALUES (3, '시스템관리 목록화면', '/admin/system/view.html', 'GET', 'Y', 'MENU', 2, 1, 2, NOW(), 1, NOW(), 1);

INSERT INTO resource(id, name, url, http_method, is_enabled, type, depth, ord, upper_id, modified_at, modified_by, created_at, created_by)
VALUES (4, '시스템관리 등록', '/admin/system/**', 'POST', 'Y', 'FUNCTION', 3, 1, 3, NOW(), 1, NOW(), 1);

INSERT INTO resource(id, name, url, http_method, is_enabled, type, depth, ord, upper_id, modified_at, modified_by, created_at, created_by)
VALUES (5, '시스템관리 수정', '/admin/system/**', 'PUT', 'Y', 'FUNCTION', 3, 2, 3, NOW(), 1, NOW(), 1);

INSERT INTO resource(id, name, url, http_method, is_enabled, type, depth, ord, upper_id, modified_at, modified_by, created_at, created_by)
VALUES (6, '회원관리 목록화면', '/admin/members/view.html', 'GET', 'Y', 'FUNCTION', 2, 1, 1, NOW(), 1, NOW(), 1);

INSERT INTO resource(id, name, url, http_method, is_enabled, type, depth, ord, upper_id, modified_at, modified_by, created_at, created_by)
VALUES (7, 'DashBoard', '/admin', 'GET', 'Y', 'MENU', 1, 1, NULL, NOW(), 1, NOW(), 1);

INSERT INTO resource(id, name, url, http_method, is_enabled, type, depth, ord, upper_id, modified_at, modified_by, created_at, created_by)
VALUES (8, 'Google Oauth', '/api/member/oauth2ClientCallback/google', 'GET', 'Y', 'MENU', 1, 1, NULL, NOW(), 1, NOW(), 1);

INSERT INTO role_resource(id, role_id, resource_id, modified_at, modified_by, created_at, created_by)
VALUES (1, 1, 1, NOW(), 1, NOW(), 1);

INSERT INTO role_resource(id, role_id, resource_id, modified_at, modified_by, created_at, created_by)
VALUES (2, 1, 2, NOW(), 1, NOW(), 1);

INSERT INTO role_resource(id, role_id, resource_id, modified_at, modified_by, created_at, created_by)
VALUES (3, 1, 3, NOW(), 1, NOW(), 1);

INSERT INTO role_resource(id, role_id, resource_id, modified_at, modified_by, created_at, created_by)
VALUES (4, 1, 4, NOW(), 1, NOW(), 1);

INSERT INTO role_resource(id, role_id, resource_id, modified_at, modified_by, created_at, created_by)
VALUES (5, 1, 5, NOW(), 1, NOW(), 1);

INSERT INTO role_resource(id, role_id, resource_id, modified_at, modified_by, created_at, created_by)
VALUES (6, 4, 8, NOW(), 1, NOW(), 1);

INSERT INTO faq(id, category, title, content, ord, is_enabled, modified_at, modified_by, created_at, created_by)
VALUES (1, 'TYPE_A', 'Lorem ipsum dolor sit amet', 'content1',  1, 'Y', NOW(), 1, NOW(), 1);

INSERT INTO faq(id, category, title, content, ord, is_enabled, modified_at, modified_by, created_at, created_by)
VALUES (2, 'TYPE_A', 'Pellentesque erat arcu', 'content2', 2, 'Y', NOW(), 1, NOW(), 1);

INSERT INTO faq(id, category, title, content, ord, is_enabled, modified_at, modified_by, created_at, created_by)
VALUES (3, 'TYPE_C', 'Nam vitae tellus lectus. Sed porttit', 'content3', 3, 'Y', NOW(), 1, NOW(), 1);

INSERT INTO faq(id, category, title, content, ord, is_enabled, modified_at, modified_by, created_at, created_by)
VALUES (4, 'TYPE_D', 'nec massa eu faucibus', 'content4', 4, 'Y', NOW(), 1, NOW(), 1);

INSERT INTO faq(id, category, title, content, ord, is_enabled, modified_at, modified_by, created_at, created_by)
VALUES (5, 'TYPE_E', 'Fusce eget turpis lorem', 'content5', 5, 'Y', NOW(), 1, NOW(), 1);


INSERT INTO send_template(id, method, title, content, category, is_enabled, time_point, created_at, created_by, modified_at, modified_by)
VALUES (1, 'EMAIL', '템플릿1', '템플릿 내용1', 'batch', 'Y', '정기 쿠폰 발행', NOW(), 1, NOW(), 1);

INSERT INTO send_template(id, method, title, content, category, is_enabled, time_point, created_at, created_by, modified_at, modified_by)
VALUES (2, 'EMAIL', '템플릿2', '템플릿 내용2', 'now', 'Y', '-', NOW(), 1, NOW(), 1);

INSERT INTO send_template(id, method, title, content, category, is_enabled, time_point, created_at, created_by, modified_at, modified_by)
VALUES (3, 'EMAIL', '템플릿3', '템플릿 내용3', 'immediate', 'Y', '회원탈퇴 완료', NOW(), 1, NOW(), 1);

INSERT INTO send_template(id, method, title, content, category, is_enabled, time_point, created_at, created_by, modified_at, modified_by)
VALUES (4, 'EMAIL', '템플릿4', '템플릿 내용4', 'batch', 'N', '회원가입 완료', NOW(), 1, NOW(), 1);

INSERT INTO send_template(id, method, title, content, category, is_enabled, time_point, created_at, created_by, modified_at, modified_by)
VALUES (5, 'EMAIL', '템플릿5', '템플릿 내용5', 'now', 'Y', '예약 취소', NOW(), 1, NOW(), 1);

INSERT INTO send_template(id, method, title, content, category, is_enabled, time_point, created_at, created_by, modified_at, modified_by)
VALUES (6, 'EMAIL', '템플릿6', '템플릿 내용6', 'immediate', 'Y', '정기 쿠폰 발행', NOW(), 1, NOW(), 1);

INSERT INTO send_template(id, method, title, content, category, is_enabled, time_point, created_at, created_by, modified_at, modified_by)
VALUES (7, 'EMAIL', '템플릿7', '템플릿 내용7', 'batch', 'N', '회원가입 완료', NOW(), 1, NOW(), 1);

INSERT INTO send_template(id, method, title, content, category, is_enabled, time_point, created_at, created_by, modified_at, modified_by)
VALUES (8, 'EMAIL', '템플릿8', '템플릿 내용8', 'immediate', 'N', '예약 취소', NOW(), 1, NOW(), 1);

INSERT INTO send_template(id, method, title, content, category, is_enabled, time_point, created_at, created_by, modified_at, modified_by)
VALUES (9, 'EMAIL', '템플릿9', '템플릿 내용9', 'batch', 'Y', '예약 취소', NOW(), 1, NOW(), 1);

INSERT INTO send_template(id, method, title, content, category, is_enabled, time_point, created_at, created_by, modified_at, modified_by)
VALUES (10, 'EMAIL', '템플릿10', '템플릿 내용10', 'now', 'Y', '정기 쿠폰 발행', NOW(), 1, NOW(), 1);

INSERT INTO send_template(id, method, title, content, category, is_enabled, time_point, created_at, created_by, modified_at, modified_by)
VALUES (11, 'EMAIL', '템플릿11', '템플릿 내용11', 'immediate', 'Y', '정기 쿠폰 발행', NOW(), 1, NOW(), 1);

INSERT INTO send_history(id, send_template_id, content, recipient_id, recipient_email, sender_id, sender_email, sended_at, created_at, created_by, modified_at, modified_by)
VALUES (1, 1, '템플릿내용1', 1, 'sjd4328@kbrainc.com', 1, 'saesig@gmail.com', NOW(), NOW(), 1, NOW(), 1);

INSERT INTO send_history(id, send_template_id, content, recipient_id, recipient_email, sender_id, sender_email, sended_at, created_at, created_by, modified_at, modified_by)
VALUES (2, 2, '템플릿내용2', 1, 'sjd4328@kbrainc.com', 1, 'saesig@gmail.com', NOW(), NOW(), 1, NOW(), 1);

INSERT INTO send_history(id, send_template_id, content, recipient_id, recipient_email, sender_id, sender_email, sended_at, created_at, created_by, modified_at, modified_by)
VALUES (3, 3, '템플릿내용3', 1, 'sjd4328@kbrainc.com', 1, 'saesig@gmail.com', NOW(), NOW(), 1, NOW(), 1);

INSERT INTO send_history(id, send_template_id, content, recipient_id, recipient_email, sender_id, sender_email, sended_at, created_at, created_by, modified_at, modified_by)
VALUES (4, 4, '템플릿내용4', 1, 'sjd4328@kbrainc.com', 1, 'saesig@gmail.com', NOW(), NOW(), 1, NOW(), 1);

INSERT INTO send_history(id, send_template_id, content, recipient_id, recipient_email, sender_id, sender_email, sended_at, created_at, created_by, modified_at, modified_by)
VALUES (5, 5, '템플릿내용5', 1, 'sjd4328@kbrainc.com', 1, 'saesig@gmail.com', NOW(), NOW(), 1, NOW(), 1);

INSERT INTO send_history(id, send_template_id, content, recipient_id, recipient_email, sender_id, sender_email, sended_at, created_at, created_by, modified_at, modified_by)
VALUES (6, 6, '템플릿내용6', 1, 'sjd4328@kbrainc.com', 1, 'saesig@gmail.com', NOW(), NOW(), 1, NOW(), 1);


INSERT INTO manager_notice_board(id, category, title, content, hits, is_deleted, modified_at, modified_by, created_at, created_by)
VALUES (1, '유형1', '제목1', '내용1', '1', 'N', NOW(), 1, NOW(), 1);

INSERT INTO manager_notice_board(id, category, title, content, hits, is_deleted, modified_at, modified_by, created_at, created_by)
VALUES (2, '유형2', '제목2', '내용2', '1', 'N', NOW(), 1, NOW(), 1);

INSERT INTO manager_notice_board(id, category, title, content, hits, is_deleted, modified_at, modified_by, created_at, created_by)
VALUES (3, '유형3', '제목3', '내용3', '1', 'N', NOW(), 1, NOW(), 1);

INSERT INTO manager_notice_board(id, category, title, content, hits, is_deleted, modified_at, modified_by, created_at, created_by)
VALUES (4, '유형4', '제목4', '내용4', '1', 'N', NOW(), 1, NOW(), 1);

INSERT INTO manager_notice_board(id, category, title, content, hits, is_deleted, modified_at, modified_by, created_at, created_by)
VALUES (5, '유형5', '제목5', '내용5', '1', 'N', NOW(), 1, NOW(), 1);

INSERT INTO manager_notice_board(id, category, title, content, hits, is_deleted, modified_at, modified_by, created_at, created_by)
VALUES (6, '유형6', '제목6', '내용6', '1', 'N', NOW(), 1, NOW(), 1);

INSERT INTO manager_notice_board(id, category, title, content, hits, is_deleted, modified_at, modified_by, created_at, created_by)
VALUES (7, '유형7', '제목7', '내용7', '4', 'N', NOW(), 1, NOW(), 1);

INSERT INTO manager_notice_board(id, category, title, content, hits, is_deleted, modified_at, modified_by, created_at, created_by)
VALUES (8, '유형8', '제목8', '내용8', '1', 'N', NOW(), 1, NOW(), 1);

INSERT INTO manager_notice_board(id, category, title, content, hits, is_deleted, modified_at, modified_by, created_at, created_by)
VALUES (9, '유형9', '제목9', '내용9', '1', 'N', NOW(), 1, NOW(), 1);

INSERT INTO manager_notice_board(id, category, title, content, hits, is_deleted, modified_at, modified_by, created_at, created_by)
VALUES (10, '유형10', '제목10', '내용10', '3', 'N', NOW(), 1, NOW(), 1);

INSERT INTO manager_notice_board(id, category, title, content, hits, is_deleted, modified_at, modified_by, created_at, created_by)
VALUES (11, '유형11', '제목11', '내용11', '2', 'N', NOW(), 1, NOW(), 1);

INSERT INTO animal_division1(id, category)
VALUES (1, '개');

INSERT INTO animal_division1(id, category)
VALUES (2, '고양이');

INSERT INTO animal_division2(id, animal_division1_id, category)
VALUES (1,1, '골든리트리버');

INSERT INTO animal_division2(id, animal_division1_id, category)
VALUES (2, 1, '레브라도리트리버');

INSERT INTO animal_division2(id, animal_division1_id, category)
VALUES (3, 2, '코리안 숏 헤어');

INSERT INTO animal_division2(id, animal_division1_id, category)
VALUES (4, 2, '샴');

INSERT INTO adopt(id, adopt_member_id, hits, title, content, gender, age, age_category, status, is_deleted, is_castrated, responsibility_cost, etc_content, animal_division1_id, animal_division2_id, image_file_group_id, sido, sigungu, modified_at, modified_by, created_at, created_by)
VALUES(1, 1, 0, 'title','content', 'MAN', 13, 'ASD', 'COMPLETE', 'N', 'N', 1000, 'etc_content', 1,1, NULL, 'sido','signgu',  NOW(), 1, NOW(), 1);
